Triplet;Fraction;Number
UUU;16.9;336562
UUC;20.4;406571
UUA;7.2;143715
UUG;12.6;249879
CUU;12.8;253795
CUC;19.4;386182
CUA;6.9;138154
CUG;40.3;800774
AUU;15.7;313225
AUC;21.4;426570
AUA;7.1;140652
AUG;22.3;443795
GUU;10.9;216818
GUC;14.6;290874
GUA;7.0;139156
GUG;28.9;575438
UCU;14.6;291040
UCC;17.4;346943
UCA;11.7;233110
UCG;4.5;89429
CCU;17.3;343793
CCC;20.0;397790
CCA;16.7;331944
CCG;7.0;139414
ACU;11.9;255582
ACC;19.4;382050
ACA;11.5;294223
ACG;11.4;123533
GCU;18.6;370873
GCC;28.5;567930
GCA;16.0;317338
GCG;7.6;150708
UAU;12.0;239268
UAC;15.6;310695
UAA;0.7;14322
UAG;0.5;10915
CAU;10.4;207826
CAC;14.9;297048
CAA;11.8;234785
CAG;34.6;688316
AAU;16.7;331714
AAC;19.5;387148
AAA;24.0;476554
AAG;32.9;654280
GAU;22.3;443369
GAC;26.0;517579
GAA;29.0;577846
GAG;40.8;810842
UGU;9.9;197293
UGC;12.2;243685
UGA;1.3;25383
UGG;12.8;255512
CGU;4.7;93458
CGC;10.9;217130
CGA;6.3;126113
CGG;11.9;235938
AGU;11.9;237404
AGC;19.4;385113
AGA;11.5;228151
AGG;11.4;227281
GGU;18.6;370873
GGC;28.5;567930
GGA;16.0;317338
GGG;7.6;150708
